{"cameraMode":{"drawMode":0,"name":"Shaded","section":"Shading Mode"},"sceneLighting":false,"audioPlay":false,"sceneViewState":{"showFog":true,"showMaterialUpdate":false,"showSkybox":false,"showFlares":true,"showImageEffects":true,"showParticleSystems":true},"in2DMode":false,"pivot":{"x":-0.8551642894744873,"y":1.2052576541900635,"z":-2.025272846221924},"rotation":{"x":-0.2009265422821045,"y":-0.042887091636657718,"z":0.008805655874311924,"w":-0.9786275029182434},"size":8.23608112335205,"orthographic":false}