{"cameraMode":{"drawMode":0,"name":"Shaded","section":"Shading Mode"},"sceneLighting":false,"audioPlay":false,"sceneViewState":{"showFog":true,"showMaterialUpdate":false,"showSkybox":false,"showFlares":true,"showImageEffects":true,"showParticleSystems":true},"in2DMode":false,"pivot":{"x":-0.25961875915527346,"y":4.985866546630859,"z":-0.9311714172363281},"rotation":{"x":-0.2245391607284546,"y":0.015789737924933435,"z":-0.003638514084741473,"w":-0.9743303656578064},"size":67.00131225585938,"orthographic":false}